{"app":["/app-d3f43bb4902f874427e8.js"],"component---src-pages-404-js":["/component---src-pages-404-js-ab09df4d7d1d77292e17.js"],"component---src-pages-contact-us-js":["/component---src-pages-contact-us-js-17e0c59b3bc33f7e6e44.js"],"component---src-pages-index-js":["/component---src-pages-index-js-2f37fe89213c78390751.js"],"component---src-pages-our-mission-js":["/component---src-pages-our-mission-js-d0deef0c2cdfcb1bdd8f.js"],"component---src-pages-products-js":["/component---src-pages-products-js-dde9e3e99e8e2f83f016.js"],"component---src-pages-use-cases-js":["/component---src-pages-use-cases-js-ab1227e9bb65afdbf971.js"],"component---src-pages-why-smartchain-js":["/component---src-pages-why-smartchain-js-ba79ebb65f56d48af678.js"]}