{"errors":[],"warnings":["./src/components/CustomLink.jsx\nThere are multiple modules with names that only differ in casing.\nThis can lead to unexpected behavior when compiling on a filesystem with other case-semantic.\nUse equal casing. Compare these module identifiers:\n* /Users/sadadib/gatsby-starter-default/node_modules/gatsby/dist/utils/babel-loader.js??ref--4-0!/Users/sadadib/gatsby-starter-default/src/components/CustomLink.jsx\n    Used by 4 module(s), i. e.\n    /Users/sadadib/gatsby-starter-default/node_modules/gatsby/dist/utils/babel-loader.js??ref--4-0!/Users/sadadib/gatsby-starter-default/src/components/RCarousel.js\n* /Users/sadadib/gatsby-starter-default/node_modules/gatsby/dist/utils/babel-loader.js??ref--4-0!/Users/sadadib/gatsby-starter-default/src/components/customlink.jsx\n    Used by 5 module(s), i. e.\n    /Users/sadadib/gatsby-starter-default/node_modules/gatsby/dist/utils/babel-loader.js??ref--4-0!/Users/sadadib/gatsby-starter-default/src/components/ContactUsSection.jsx"],"namedChunkGroups":{"app":{"chunks":[15,3,6],"assets":["webpack-runtime-60e24ed9e1b43832059e.js","webpack-runtime-60e24ed9e1b43832059e.js.map","framework-d52b8b2365974211d0f5.js","framework-d52b8b2365974211d0f5.js.map","app-d3f43bb4902f874427e8.js","app-d3f43bb4902f874427e8.js.map"],"children":{},"childAssets":{}},"component---src-pages-404-js":{"chunks":[0,7],"assets":["commons-0c8db1445fb9a886d5e0.js","commons-0c8db1445fb9a886d5e0.js.map","component---src-pages-404-js-ab09df4d7d1d77292e17.js","component---src-pages-404-js-ab09df4d7d1d77292e17.js.map"],"children":{},"childAssets":{}},"component---src-pages-contact-us-js":{"chunks":[3,0,1,8],"assets":["framework-d52b8b2365974211d0f5.js","framework-d52b8b2365974211d0f5.js.map","commons-0c8db1445fb9a886d5e0.js","commons-0c8db1445fb9a886d5e0.js.map","ad50dfa671b3fcde89b73315fb72a99b018fe1c3-54576af074692a7b268f.js","ad50dfa671b3fcde89b73315fb72a99b018fe1c3-54576af074692a7b268f.js.map","component---src-pages-contact-us-js-17e0c59b3bc33f7e6e44.js","component---src-pages-contact-us-js-17e0c59b3bc33f7e6e44.js.map"],"children":{},"childAssets":{}},"component---src-pages-index-js":{"chunks":[4,14,0,2,9],"assets":["styles.25a10e2ca445394f4090.css","styles-faa02be05049b5d16183.js","styles-faa02be05049b5d16183.js.map","fb7d5399-84aa5326e41c1c22644a.js","fb7d5399-84aa5326e41c1c22644a.js.map","commons-0c8db1445fb9a886d5e0.js","commons-0c8db1445fb9a886d5e0.js.map","2b82672250053a951d57d6b176c8e540b55ff6fb-be3ef1f861fb4d4c7bbd.js","2b82672250053a951d57d6b176c8e540b55ff6fb-be3ef1f861fb4d4c7bbd.js.map","component---src-pages-index-js-2f37fe89213c78390751.js","component---src-pages-index-js-2f37fe89213c78390751.js.map"],"children":{},"childAssets":{}},"component---src-pages-our-mission-js":{"chunks":[0,1,10],"assets":["commons-0c8db1445fb9a886d5e0.js","commons-0c8db1445fb9a886d5e0.js.map","ad50dfa671b3fcde89b73315fb72a99b018fe1c3-54576af074692a7b268f.js","ad50dfa671b3fcde89b73315fb72a99b018fe1c3-54576af074692a7b268f.js.map","component---src-pages-our-mission-js-d0deef0c2cdfcb1bdd8f.js","component---src-pages-our-mission-js-d0deef0c2cdfcb1bdd8f.js.map"],"children":{},"childAssets":{}},"component---src-pages-products-js":{"chunks":[0,1,11],"assets":["commons-0c8db1445fb9a886d5e0.js","commons-0c8db1445fb9a886d5e0.js.map","ad50dfa671b3fcde89b73315fb72a99b018fe1c3-54576af074692a7b268f.js","ad50dfa671b3fcde89b73315fb72a99b018fe1c3-54576af074692a7b268f.js.map","component---src-pages-products-js-dde9e3e99e8e2f83f016.js","component---src-pages-products-js-dde9e3e99e8e2f83f016.js.map"],"children":{},"childAssets":{}},"component---src-pages-use-cases-js":{"chunks":[4,5,0,12],"assets":["styles.25a10e2ca445394f4090.css","styles-faa02be05049b5d16183.js","styles-faa02be05049b5d16183.js.map","05d954cf-b127f387caeff475bb54.js","05d954cf-b127f387caeff475bb54.js.map","commons-0c8db1445fb9a886d5e0.js","commons-0c8db1445fb9a886d5e0.js.map","component---src-pages-use-cases-js-ab1227e9bb65afdbf971.js","component---src-pages-use-cases-js-ab1227e9bb65afdbf971.js.map"],"children":{},"childAssets":{}},"component---src-pages-why-smartchain-js":{"chunks":[0,1,2,13],"assets":["commons-0c8db1445fb9a886d5e0.js","commons-0c8db1445fb9a886d5e0.js.map","ad50dfa671b3fcde89b73315fb72a99b018fe1c3-54576af074692a7b268f.js","ad50dfa671b3fcde89b73315fb72a99b018fe1c3-54576af074692a7b268f.js.map","2b82672250053a951d57d6b176c8e540b55ff6fb-be3ef1f861fb4d4c7bbd.js","2b82672250053a951d57d6b176c8e540b55ff6fb-be3ef1f861fb4d4c7bbd.js.map","component---src-pages-why-smartchain-js-ba79ebb65f56d48af678.js","component---src-pages-why-smartchain-js-ba79ebb65f56d48af678.js.map"],"children":{},"childAssets":{}}},"assetsByChunkName":{"app":["webpack-runtime-60e24ed9e1b43832059e.js","framework-d52b8b2365974211d0f5.js","app-d3f43bb4902f874427e8.js"],"component---src-pages-404-js":["commons-0c8db1445fb9a886d5e0.js","component---src-pages-404-js-ab09df4d7d1d77292e17.js"],"component---src-pages-contact-us-js":["framework-d52b8b2365974211d0f5.js","commons-0c8db1445fb9a886d5e0.js","ad50dfa671b3fcde89b73315fb72a99b018fe1c3-54576af074692a7b268f.js","component---src-pages-contact-us-js-17e0c59b3bc33f7e6e44.js"],"component---src-pages-index-js":["styles.25a10e2ca445394f4090.css","styles-faa02be05049b5d16183.js","fb7d5399-84aa5326e41c1c22644a.js","commons-0c8db1445fb9a886d5e0.js","2b82672250053a951d57d6b176c8e540b55ff6fb-be3ef1f861fb4d4c7bbd.js","component---src-pages-index-js-2f37fe89213c78390751.js"],"component---src-pages-our-mission-js":["commons-0c8db1445fb9a886d5e0.js","ad50dfa671b3fcde89b73315fb72a99b018fe1c3-54576af074692a7b268f.js","component---src-pages-our-mission-js-d0deef0c2cdfcb1bdd8f.js"],"component---src-pages-products-js":["commons-0c8db1445fb9a886d5e0.js","ad50dfa671b3fcde89b73315fb72a99b018fe1c3-54576af074692a7b268f.js","component---src-pages-products-js-dde9e3e99e8e2f83f016.js"],"component---src-pages-use-cases-js":["styles.25a10e2ca445394f4090.css","styles-faa02be05049b5d16183.js","05d954cf-b127f387caeff475bb54.js","commons-0c8db1445fb9a886d5e0.js","component---src-pages-use-cases-js-ab1227e9bb65afdbf971.js"],"component---src-pages-why-smartchain-js":["commons-0c8db1445fb9a886d5e0.js","ad50dfa671b3fcde89b73315fb72a99b018fe1c3-54576af074692a7b268f.js","2b82672250053a951d57d6b176c8e540b55ff6fb-be3ef1f861fb4d4c7bbd.js","component---src-pages-why-smartchain-js-ba79ebb65f56d48af678.js"]}}